<?xml version="1.0"?>
<pagescount>
	<html_total>7</html_total>
	<html_done>7</html_done>
	<images>4</images>
	<script>9</script>
	<css>9</css>
	<pdf/>
	<documents/>
	<excel/>
	<powerpoint/>
	<flash/>
	<audios/>
	<videos/>
	<xml/>
	<json/>
	<txt/>
	<autocad/>
	<model_3d/>
	<fonts>83</fonts>
	<scraping_reload>1</scraping_reload>
	<is_pretty_url>false</is_pretty_url>
	<has_trailing_slash>false</has_trailing_slash>
	<is_ebn>false</is_ebn>
	<email>tobennaike21@gmail.com</email>
	<theme_name>WmdTheme932635</theme_name>
	<server_url_front_page>https://www6.waybackmachinedownloader.com/wdo/files/demo/app.spacexstcks.com_tobennaike21_gmail.com_9gwsocptla/</server_url_front_page>
	<no_www_url>app.spacexstcks.com</no_www_url>
	<hosted_domain/>
	<original_archive_url>https://app.spacexstcks.com/register</original_archive_url>
	<final_archive_url>https://app.spacexstcks.com/register</final_archive_url>
	<front_page_code_date/>
	<total_urls_from_api/>
	<max_reached_live>false</max_reached_live>
	<scrape_other_captures>false</scrape_other_captures>
	<total_size>8192</total_size>
</pagescount>
